{
  "array_layout": "model[nz, nx], z increases downward, x increases to the right",
  "background_layers": {
    "interfaces_z_m": [
      0.0,
      200.0,
      500.0,
      700.0
    ],
    "velocities_m_per_s": [
      1800.0,
      2400.0,
      2900.0,
      3200.0
    ],
    "vp_for_z_lt_0_m_per_s": 340.0
  },
  "anomaly": {
    "enabled": true,
    "type": "closed periodic cubic B-spline signed-distance sigmoid",
    "degree": 3,
    "num_control_points": 6,
    "center_xy_m": [
      850.0,
      350.0
    ],
    "rx_m": 250.0,
    "rz_m": 70.0,
    "rotation_deg": 0.0,
    "vp_inside_m_per_s": 2000.0,
    "tau_m": 10.0,
    "blend": "smooth",
    "boundary_to_grid_method": "periodic_bspline_signed_distance_sigmoid",
    "control_points": [
      [
        1100.0273176884461,
        420.79251402040927
      ],
      [
        975.2173198074518,
        433.84355614458246
      ],
      [
        712.0517455413222,
        460.5632194916543
      ],
      [
        595.5546986235449,
        349.8941351994531
      ],
      [
        712.4634536476864,
        312.9832666366081
      ],
      [
        906.057566907867,
        270.72508867432373
      ]
    ],
    "initial_control_points": [
      [
        1100.0273176884461,
        420.79251402040927
      ],
      [
        975.2173198074518,
        433.84355614458246
      ],
      [
        712.0517455413222,
        460.5632194916543
      ],
      [
        595.5546986235449,
        349.8941351994531
      ],
      [
        712.4634536476864,
        312.9832666366081
      ],
      [
        906.057566907867,
        270.72508867432373
      ]
    ],
    "true_reference_control_points": [
      [
        1100.0,
        350.0
      ],
      [
        975.0,
        410.6217782649107
      ],
      [
        725.0,
        410.6217782649107
      ],
      [
        600.0,
        350.0
      ],
      [
        724.9999999999999,
        289.3782217350893
      ],
      [
        974.9999999999998,
        289.37822173508926
      ]
    ],
    "node_perturbations_m": [
      [
        0.02731768844606996,
        70.79251402040924
      ],
      [
        0.21731980745173624,
        23.221777879671766
      ],
      [
        -12.948254458677699,
        49.941441226743606
      ],
      [
        -4.445301376455027,
        -0.1058648005468942
      ],
      [
        -12.536546352313458,
        23.605044901518806
      ],
      [
        -68.94243309213273,
        -18.653133060765505
      ]
    ],
    "initial_random_seed": 20260530,
    "node_perturb_mean_m": 0.0,
    "node_perturb_std_m": 50.0,
    "boundary_curve_samples": 800
  },
  "smoothing": {
    "applied": true,
    "method": "signed-distance sigmoid; same as sem_waveform.velocity",
    "tau_m": 10.0,
    "sigma_x_grid_cells": 1.0,
    "sigma_z_grid_cells": 1.0,
    "sigma_x_m": 10.0,
    "sigma_z_m": 10.0,
    "tau_mean_m": 10.0,
    "plot_vmin_m_per_s": 1800.0,
    "plot_vmax_m_per_s": 3200.0,
    "note": "This is not post-hoc Gaussian smoothing; it is the exact sigmoid interface used by inversion."
  },
  "model_name": "vp_initial_pml",
  "description": "Initial Vp model on full PML grid, generated by the same signed-distance sigmoid mapping as SEM inversion.",
  "array_file": "vp_initial_pml.npy",
  "grid": {
    "xmin": -300.0,
    "xmax": 2300.0,
    "zmin": -300.0,
    "zmax": 1300.0,
    "dx": 10.0,
    "dz": 10.0,
    "nx": 261,
    "nz": 161
  },
  "physical_subdomain": {
    "xmin": 0.0,
    "xmax": 2000.0,
    "zmin": 0.0,
    "zmax": 1000.0
  }
}